{"pitch": [-2.9155256918545915, 11.386326531261375, 207.62012037341083, 46.79678901119638], "energy": [-1.4378600120544434, 8.527609825134277, 37.44447543068006, 25.99396717658521]}